{"cameraMode":{"drawMode":0,"name":"Shaded","section":"Shading Mode"},"sceneLighting":false,"audioPlay":false,"sceneViewState":{"showFog":true,"showMaterialUpdate":false,"showSkybox":true,"showFlares":true,"showImageEffects":true,"showParticleSystems":true},"in2DMode":false,"pivot":{"x":-22.299999237060548,"y":1.0,"z":-36.70000076293945},"rotation":{"x":0.3960433900356293,"y":0.027540668845176698,"z":-0.011885011568665505,"w":0.9177417159080505},"size":2.8578836917877199,"orthographic":false}